Date/Time;Lat;Lon;Country;Country ISO code;Province;¿Qué película de la saga Star Wars es tu favorita?;¿A qué bando te unirías?;¿A qué jedi te gustaría tener como maestro?;¿De qué color te gustaría tener tu sable láser?;¿Cuál es tu héroe favorito de la saga?;¿Cuál es tu villano favorito de la saga?;¿A quién tirarías primero al pozo de Sarlacc?;¿Qué nave te gustaría más pilotar?;¿Qué planeta (o satélite) te gustaría visitar?;¿Qué te gustaría más tener como mascota?;¿Qué batalla te gustó más?;El gran dilema, ¿quién disparó primero en la cantina?
2015-12-20T22:26:48.579Z;40.4004945700464;-3.68180486373603;Spain;ES;Madrid;Episodio V: el imperio contraataca;Alianza Rebelde;Yoda;Rojo;Yoda;Darth Vader;Salacious B. Crumb;El Halcón Milenario;Tatooine;Ewok;De Hoth;Greedo
2015-12-20T22:41:33.267Z;43.3544391;-8.4002663;Spain;ES;La Coruña;Episodio V: el imperio contraataca;Imperio Galáctico;Obi-Wan Kenobi;Violeta;Chewbacca;Darth Vader;C-3PO;El Halcón Milenario;Tatooine;Ewok;De Naboo;Han Solo
2015-12-20T22:42:08.547Z;42.6898645160048;-7.50884681940079;Spain;ES;Lugo;Episodio V: el imperio contraataca;Alianza Rebelde;Yoda;Azul;Chewbacca;Darth Vader;Watto;El Halcón Milenario;Alderaan;Ewok;De Takodana;Han Solo
2015-12-20T22:42:25.558Z;43.2226687725781;-8.69829070055857;Spain;ES;La Coruña;Episodio VI: el retorno del Jedi;Alianza Rebelde;Yoda;Verde;Han Solo;Darth Vader;Bib Fortuna;El Halcón Milenario;Luna de Endor;Tauntaun;De Endor;Han Solo
2015-12-20T22:57:20.766Z;42.8864081045631;-8.52933443797156;Spain;ES;La Coruña;Episodio V: el imperio contraataca;Alianza Rebelde;Yoda;Verde;R2-D2;Darth Vader;Watto;Finalizer;Naboo;Ewok;De Endor;Han Solo
2015-12-20T23:11:07.384Z;39.4612187703168;-0.398131860438298;Spain;ES;Valencia;Episodio V: el imperio contraataca;Alianza Rebelde;Obi-Wan Kenobi;Azul;Han Solo;Darth Vader;Salacious B. Crumb;El Halcón Milenario;Luna de Endor;Tauntaun;De Hoth;Greedo
2015-12-20T23:11:26.592Z;42.8623185;-8.5616143;Spain;ES;La Coruña;Episodio VII: el despertar de la fuerza;Imperio Galáctico;Yoda;Verde;Luke Skywalker;Moff Tarkin;Bib Fortuna;TIE Bomber;Dagobah;Tauntaun;De Coruscant;Greedo
2015-12-20T23:39:49.376Z;43.3751795994122;-8.39985036836879;Spain;ES;La Coruña;Episodio V: el imperio contraataca;Imperio Galáctico;Obi-Wan Kenobi;Violeta;Chewbacca;Jabba el Hutt;Anakin Skywalker;Finalizer;Hoth;Nexu;De Hoth;Greedo
2015-12-20T23:41:26.045Z;43.3645225;-8.4148737;Spain;ES;La Coruña;Episodio V: el imperio contraataca;Alianza Rebelde;Obi-Wan Kenobi;Verde;Poe Dameron;Emperador Palpatine;Jar Jar Binks;La Estrella de la Muerte;Coruscant;Ewok;De Coruscant;Han Solo
2015-12-21T03:27:13.364Z;37.7697;-122.3933;United States;US;California;Episodio V: el imperio contraataca;Alianza Rebelde;Luke Skywalker;Violeta;Han Solo;Darth Vader;Jar Jar Binks;El Halcón Milenario;Coruscant;Rancor;De Naboo;Han Solo
2015-12-21T06:26:48.792Z;43.3038683;-8.5102974;Spain;ES;La Coruña;Episodio II: el ataque de los clones;Alianza Rebelde;Obi-Wan Kenobi;Verde;Princesa Leia;Darth Vader;Bib Fortuna;Jedi Starfighter;Yavin 4;Tauntaun;De Naboo;Greedo
2015-12-21T07:16:08.597Z;39.4688662179586;-0.368986129760742;Spain;ES;Valencia;Episodio V: el imperio contraataca;Alianza Rebelde;Obi-Wan Kenobi;Azul;Han Solo;Darth Vader;Anakin Skywalker;X-Wing;Yavin 4;Ewok;De Hoth;Greedo
2015-12-21T09:31:49.219Z;43.409382;-8.1771663;Spain;ES;La Coruña;Episodio V: el imperio contraataca;Alianza Rebelde;Yoda;Azul;Jar Jar Binks;Darth Vader;Jefe Nass;El Halcón Milenario;Yavin 4;Ewok;De Yavin;Greedo
2015-12-21T11:47:24.202Z;43.3340980490579;-8.40848922729492;Spain;ES;La Coruña;Episodio IV: una nueva esperanza;Alianza Rebelde;Luke Skywalker;Azul;Han Solo;Jabba el Hutt;Jar Jar Binks;El Halcón Milenario;Tatooine;Tauntaun;De Hoth;Han Solo
2015-12-21T11:54:04.861Z;43.2784298;-8.2131234;Spain;ES;La Coruña;Episodio VI: el retorno del Jedi;Alianza Rebelde;Yoda;Azul;Han Solo;General Grievous;Bib Fortuna;La Estrella de la Muerte;Coruscant;Ewok;De Naboo;Greedo
2015-12-21T12:05:01.156Z;43.365281;-8.411569;Spain;ES;La Coruña;Episodio VII: el despertar de la fuerza;Alianza Rebelde;Obi-Wan Kenobi;Verde;Han Solo;Darth Vader;Jar Jar Binks;El Halcón Milenario;Tatooine;Sarlacc;De Yavin;Greedo
2015-12-21T12:11:42.034Z;42.8759641023825;-8.349609375;Spain;ES;La Coruña;Episodio II: el ataque de los clones;Imperio Galáctico;Anakin Skywalker;Violeta;Yoda;Jabba el Hutt;Jar Jar Binks;TIE Fighter;Luna de Endor;Ewok;De Kashyyyk;Greedo
2015-12-21T12:43:48.783Z;38.3901098011826;-0.528717041015625;Spain;ES;Alicante;Episodio IV: una nueva esperanza;Alianza Rebelde;Obi-Wan Kenobi;Negro;Han Solo;Darth Maul;Wicket;Naboo N-1 Starfighter;Naboo;Tauntaun;De Yavin;Han Solo
2015-12-21T12:59:56.660Z;42.8397235476408;-8.5418701171875;Spain;ES;La Coruña;Episodio VII: el despertar de la fuerza;Alianza Rebelde;Luke Skywalker;Violeta;Han Solo;Darth Vader;Anakin Skywalker;El Halcón Milenario;Coruscant;Rancor;De Naboo;Han Solo
2015-12-21T13:07:08.185Z;43.3571382221105;-8.26171875;Spain;ES;La Coruña;Episodio VII: el despertar de la fuerza;Alianza Rebelde;Obi-Wan Kenobi;Blanco;Rey;Darth Vader;Virrey Nute Gunray;El Halcón Milenario;Takodana;Tauntaun;De Takodana;Han Solo
2015-12-21T13:18:54.823Z;42.9116333393603;-8.51897478103638;Spain;ES;La Coruña;Episodio V: el imperio contraataca;Imperio Galáctico;Qui-Gon Jinn;Violeta;R2-D2;Conde Dooku;Jar Jar Binks;Y-Wing;Kashyyyk;Nexu;De Hoth;Han Solo
2015-12-21T14:09:44.342Z;41.9268027075977;-8.63852754235268;Portugal;PT;Viana do Castelo;Episodio V: el imperio contraataca;Alianza Rebelde;Qui-Gon Jinn;Rojo;Chewbacca;Darth Vader;Jar Jar Binks;B-Wing;Yavin 4;Ewok;De Hoth;Han Solo
2015-12-21T14:50:46.894Z;43.3410602467771;-8.40395903459913;Spain;ES;La Coruña;Episodio VI: el retorno del Jedi;Alianza Rebelde;Yoda;Azul;Jar Jar Binks;Darth Vader;Jar Jar Binks;El Halcón Milenario;Luna de Endor;Tauntaun;De Endor;Greedo
2015-12-21T15:04:56.180Z;43.3670288466874;-8.4120512008667;Spain;ES;La Coruña;Episodio VI: el retorno del Jedi;Imperio Galáctico;Mace Windu;Verde;Han Solo;Darth Vader;Jar Jar Binks;TIE Interceptor;Alderaan;Tauntaun;De Hoth;Han Solo
2015-12-21T15:09:08.574Z;43.2875111710379;-8.30909729003906;Spain;ES;La Coruña;Episodio V: el imperio contraataca;Imperio Galáctico;Yoda;Rojo;BB-8;Jabba el Hutt;C-3PO;TIE Advanced x1;Naboo;Ewok;De Yavin;Greedo
2015-12-21T15:56:27.236Z;43.3492648;-8.4037163;Spain;ES;La Coruña;Episodio IV: una nueva esperanza;Imperio Galáctico;Mace Windu;Negro;Han Solo;Darth Vader;Wicket;El Halcón Milenario;Alderaan;Sarlacc;De Yavin;Han Solo
2015-12-21T18:28:27.978Z;43.3608395949468;-8.40922147035599;Spain;ES;La Coruña;Episodio VI: el retorno del Jedi;Alianza Rebelde;Yoda;Verde;Yoda;Boba Fett;Salacious B. Crumb;El Halcón Milenario;Hoth;Ewok;De Hoth;Han Solo
2015-12-21T20:52:58.019Z;40.4503843185228;-3.68785500526428;Spain;ES;Madrid;Episodio V: el imperio contraataca;Imperio Galáctico;Obi-Wan Kenobi;Azul;Han Solo;Darth Vader;Jar Jar Binks;El Halcón Milenario;Alderaan;Ewok;De Hoth;Greedo
2015-12-21T21:20:32.742Z;37.8846961;-4.7735774;Spain;ES;Córdoba;Episodio V: el imperio contraataca;Alianza Rebelde;Yoda;Azul;R2-D2;Darth Vader;Watto;El Halcón Milenario;Alderaan;Bantha;De Naboo;Han Solo
2015-12-22T12:53:15.374Z;43.3462828;-8.4093885;Spain;ES;La Coruña;Episodio III: la venganza de los Sith;Imperio Galáctico;Anakin Skywalker;Blanco;Anakin Skywalker;Conde Dooku;C-3PO;TIE Advanced x1;Alderaan;Ewok;De Hoth;Han Solo
2015-12-22T16:04:42.955Z;43.0688877741696;-7.8662109375;Spain;ES;Lugo;Episodio IV: una nueva esperanza;Imperio Galáctico;Luke Skywalker;Verde;Han Solo;Conde Dooku;Wicket;Súper Destructor Estelar;Yavin 4;Nexu;De Naboo;Han Solo
2015-12-22T18:29:45.136Z;42.4558876419717;-7.0751953125;Spain;ES;Orense;Episodio II: el ataque de los clones;Alianza Rebelde;Yoda;Verde;Chewbacca;Darth Vader;C-3PO;El Halcón Milenario;Tatooine;Wampa;De Hoth;Han Solo
2015-12-22T18:30:21.440Z;47;8;Switzerland;CH;Lucerne;Episodio V: el imperio contraataca;Alianza Rebelde;Obi-Wan Kenobi;Verde;Chewbacca;Darth Vader;C-3PO;El Halcón Milenario;Naboo;Ewok;De Endor;Han Solo
2015-12-22T18:39:32.435Z;43.0199757;-7.5587301;Spain;ES;Lugo;Episodio V: el imperio contraataca;Imperio Galáctico;Obi-Wan Kenobi;Rojo;Han Solo;Darth Vader;Jar Jar Binks;El Halcón Milenario;Hoth;Rancor;De Yavin;Han Solo
2015-12-22T18:59:43.872Z;39.4556233;-0.401052;Spain;ES;Valencia;Episodio V: el imperio contraataca;Alianza Rebelde;Obi-Wan Kenobi;Azul;C-3PO;Darth Vader;Jar Jar Binks;Jedi Starfighter;Coruscant;Tauntaun;De Hoth;Han Solo
2015-12-22T19:41:33.019Z;43.2552053415805;-2.90863037109375;Spain;ES;Bizkaia;Episodio V: el imperio contraataca;Imperio Galáctico;Qui-Gon Jinn;Rojo;Han Solo;Darth Vader;Jar Jar Binks;X-Wing;Alderaan;Ewok;De Hoth;Han Solo
2015-12-22T19:42:30.378Z;41.4756602002782;-5.723876953125;Spain;ES;Zamora;Episodio III: la venganza de los Sith;Alianza Rebelde;Luke Skywalker;Amarillo;Chewbacca;Jabba el Hutt;Bib Fortuna;B-Wing;Yavin 4;Wampa;De Endor;Han Solo
2015-12-22T19:52:07.482Z;40.7555796427559;-3.97705078125;Spain;ES;Madrid;Episodio V: el imperio contraataca;Alianza Rebelde;Luke Skywalker;Verde;Han Solo;Darth Vader;C-3PO;El Halcón Milenario;Bespin;Tauntaun;De Hoth;Han Solo
2015-12-22T20:06:07.407Z;40.4923928403843;-3.87989044189453;Spain;ES;Madrid;Episodio IV: una nueva esperanza;Alianza Rebelde;Qui-Gon Jinn;Azul;R2-D2;Darth Vader;Jar Jar Binks;El Halcón Milenario;Coruscant;Tauntaun;De Hoth;Han Solo
2015-12-22T20:15:32.413Z;40.368323874839;-3.61278533935547;Spain;ES;Madrid;Episodio V: el imperio contraataca;Imperio Galáctico;Obi-Wan Kenobi;Rojo;R2-D2;Darth Vader;Fode & Beed;Súper Destructor Estelar;Bespin;Tauntaun;De Endor;Han Solo
2015-12-22T21:35:04.240Z;32.8945789101862;-97.5300657749176;United States;US;Texas;Episodio V: el imperio contraataca;Alianza Rebelde;Yoda;Verde;Rey;Darth Vader;Jar Jar Binks;Slave I;Bespin;Bantha;De Hoth;Han Solo
2015-12-22T21:37:39.566Z;19.2817371437129;-99.137020111084;Mexico;MX;Distrito Federal;Episodio IV: una nueva esperanza;Alianza Rebelde;Obi-Wan Kenobi;Amarillo;Yoda;Darth Vader;Anakin Skywalker;X-Wing;Coruscant;Reek;De Geonosis;Han Solo
2015-12-22T22:24:47.925Z;39.5764615928067;2.65225410461426;Spain;ES;Baleares;Episodio V: el imperio contraataca;Imperio Galáctico;Mace Windu;Amarillo;Han Solo;Darth Vader;Jar Jar Binks;TIE Interceptor;Coruscant;Ewok;De Endor;Han Solo
2015-12-22T23:15:36.296Z;40.576499;-3.925785;Spain;ES;Madrid;Episodio V: el imperio contraataca;Alianza Rebelde;Yoda;Verde;Han Solo;Darth Vader;Jefe Nass;El Halcón Milenario;Alderaan;Ewok;De Hoth;Han Solo
2015-12-22T23:49:12.887Z;48.8592;2.3417;France;FR;Paris;Episodio VI: el retorno del Jedi;Alianza Rebelde;Yoda;Verde;Luke Skywalker;Darth Vader;Jar Jar Binks;El Halcón Milenario;Kashyyyk;Ewok;De Endor;Han Solo
2015-12-23T00:09:05.328Z;42.2367154271629;-8.72601985931396;Spain;ES;Pontevedra;Episodio IV: una nueva esperanza;Alianza Rebelde;Yoda;Azul;Han Solo;Darth Vader;Poggle el menor;El Halcón Milenario;Luna de Endor;Bantha;De Naboo;Han Solo
2015-12-23T00:36:53.046Z;36.014107317314;-5.60714185237885;Spain;ES;Cádiz;Episodio IV: una nueva esperanza;Alianza Rebelde;Obi-Wan Kenobi;Azul;Han Solo;Darth Vader;Jar Jar Binks;El Halcón Milenario;Naboo;Bantha;De Endor;Han Solo
2015-12-23T01:10:40.903Z;40.416763;-3.703403;Spain;ES;Madrid;Episodio VII: el despertar de la fuerza;Imperio Galáctico;Qui-Gon Jinn;Rojo;Han Solo;Kylo Ren;C-3PO;TIE Fighter;Naboo;Tauntaun;De Kashyyyk;Han Solo
2015-12-23T01:29:47.264Z;37.3843780999193;-5.90903520584106;Spain;ES;Sevilla;Episodio VII: el despertar de la fuerza;Imperio Galáctico;Qui-Gon Jinn;Rojo;Luke Skywalker;Darth Maul;Jefe Nass;El Halcón Milenario;Jakku;Ewok;De Takodana;Han Solo
2015-12-23T01:39:06.914Z;37.3876174997839;-5.97930908203125;Spain;ES;Sevilla;Episodio V: el imperio contraataca;Alianza Rebelde;Qui-Gon Jinn;Negro;Qui-Gon Jinn;Darth Vader;Jar Jar Binks;El Halcón Milenario;Coruscant;Tauntaun;De Hoth;Han Solo
2015-12-23T03:29:44.489Z;40.4008822690507;-3.69951725006103;Spain;ES;Madrid;Episodio VI: el retorno del Jedi;Alianza Rebelde;Yoda;Amarillo;Luke Skywalker;Darth Vader;Jar Jar Binks;B-Wing;Coruscant;Ewok;De Hoth;Han Solo
2015-12-23T04:14:09.873Z;-34.7644521418542;-58.2084095478058;Argentina;AR;Buenos Aires;Episodio IV: una nueva esperanza;Alianza Rebelde;Obi-Wan Kenobi;Azul;Luke Skywalker;Darth Vader;Jar Jar Binks;X-Wing;Coruscant;Tauntaun;De Yavin;Han Solo
2015-12-23T05:14:45.326Z;39.8085360414459;-3.779296875;Spain;ES;Toledo;Episodio V: el imperio contraataca;Alianza Rebelde;Luke Skywalker;Violeta;Princesa Leia;Darth Vader;Salacious B. Crumb;El Halcón Milenario;Tatooine;Wampa;De Endor;Han Solo
2015-12-23T06:34:40.262Z;40.3959472193808;-3.65561485290527;Spain;ES;Madrid;Episodio V: el imperio contraataca;Alianza Rebelde;Yoda;Negro;Han Solo;Darth Vader;Jar Jar Binks;X-Wing;Coruscant;Ewok;De Hoth;Han Solo
2015-12-23T06:55:05.177Z;47;8;Switzerland;CH;Lucerne;Episodio V: el imperio contraataca;Alianza Rebelde;Yoda;Azul;Anakin Skywalker;Emperador Palpatine;Jar Jar Binks;El Halcón Milenario;Alderaan;Ewok;De Coruscant;Han Solo
2015-12-23T08:49:48.126Z;28.130733274467;-15.4412841796875;Spain;ES;Las Palmas;Episodio V: el imperio contraataca;Alianza Rebelde;Obi-Wan Kenobi;Verde;Han Solo;Boba Fett;Jar Jar Binks;X-Wing;Naboo;Tauntaun;De Yavin;Han Solo
2015-12-23T10:19:20.258Z;41.5414776667903;1.93359375;Spain;ES;Barcelona;Episodio VI: el retorno del Jedi;Alianza Rebelde;Yoda;Rojo;Han Solo;Darth Vader;Salacious B. Crumb;La Estrella de la Muerte;Alderaan;Tauntaun;De Coruscant;Han Solo
2015-12-23T11:50:47.185Z;48.8592;2.3417;France;FR;Paris;Episodio V: el imperio contraataca;Imperio Galáctico;Obi-Wan Kenobi;Rojo;Chewbacca;Darth Vader;Jar Jar Binks;TIE Fighter;Coruscant;Ewok;De Hoth;Han Solo
2015-12-23T13:39:42.109Z;40.5466599;-3.6521948;Spain;ES;Madrid;Episodio V: el imperio contraataca;Imperio Galáctico;Obi-Wan Kenobi;Verde;Obi-Wan Kenobi;Darth Maul;Bib Fortuna;TIE Fighter;Coruscant;Tauntaun;De Geonosis;Han Solo
2015-12-23T15:08:12.994Z;41.5414776667903;2.021484375;Spain;ES;Barcelona;Episodio V: el imperio contraataca;Alianza Rebelde;Luke Skywalker;Azul;Han Solo;Boba Fett;Jar Jar Binks;El Halcón Milenario;Tatooine;Sarlacc;De Geonosis;Han Solo
2015-12-23T16:46:51.355Z;37.4792174448506;-5.65521240234375;Spain;ES;Sevilla;Episodio V: el imperio contraataca;Imperio Galáctico;Yoda;Verde;Han Solo;Boba Fett;Jar Jar Binks;X-Wing;Hoth;Rancor;De Hoth;Han Solo
2015-12-23T16:59:14.734Z;43.4289879234415;-2.80941009521484;Spain;ES;Bizkaia;Episodio V: el imperio contraataca;Alianza Rebelde;Qui-Gon Jinn;Amarillo;Obi-Wan Kenobi;Darth Vader;Jefe Nass;X-Wing;Naboo;Nexu;De Coruscant;Han Solo
2015-12-23T17:40:08.004Z;39.882848;4.270023;Spain;ES;Baleares;Episodio V: el imperio contraataca;Imperio Galáctico;Obi-Wan Kenobi;Verde;Han Solo;Darth Vader;Jar Jar Binks;X-Wing;Luna de Endor;Ewok;De Hoth;Han Solo
2015-12-23T18:19:27.145Z;48.8592;2.3417;France;FR;Paris;Episodio V: el imperio contraataca;Imperio Galáctico;Obi-Wan Kenobi;Rojo;Han Solo;Darth Vader;Jar Jar Binks;Súper Destructor Estelar;Luna de Endor;Bantha;De Coruscant;Han Solo
2015-12-23T19:07:26.839Z;40.2795256688129;-3.6474609375;Spain;ES;Madrid;Episodio I: la amenaza fantasma;Alianza Rebelde;Qui-Gon Jinn;Violeta;Obi-Wan Kenobi;Boba Fett;Jar Jar Binks;Y-Wing;Hoth;Wampa;De Endor;Han Solo
2015-12-23T19:33:39.926Z;47;8;Switzerland;CH;Lucerne;Episodio VII: el despertar de la fuerza;Alianza Rebelde;Qui-Gon Jinn;Verde;R2-D2;Emperador Palpatine;C-3PO;El Halcón Milenario;Kashyyyk;Tauntaun;De Kashyyyk;Han Solo
2015-12-23T20:34:41.298Z;36.9498917868133;-5.44921875;Spain;ES;Cádiz;Episodio V: el imperio contraataca;Imperio Galáctico;Yoda;Verde;Han Solo;Boba Fett;Jar Jar Binks;X-Wing;Hoth;Rancor;De Hoth;Han Solo
2015-12-23T21:12:16.085Z;38.2911575;-0.6322615;Spain;ES;Alicante;Episodio IV: una nueva esperanza;Alianza Rebelde;Obi-Wan Kenobi;Azul;Han Solo;Darth Vader;Jar Jar Binks;El Halcón Milenario;Tatooine;Ewok;De Yavin;Han Solo
2015-12-23T21:47:07.429Z;41.6247300699765;-0.876347422599792;Spain;ES;Zaragoza;Episodio V: el imperio contraataca;Alianza Rebelde;Yoda;Azul;Han Solo;Darth Vader;Jar Jar Binks;El Halcón Milenario;Coruscant;Ewok;De Hoth;Han Solo
2015-12-24T01:55:26.836Z;43.5196605254651;-5.66971242427826;Spain;ES;Asturias;Episodio VI: el retorno del Jedi;Alianza Rebelde;Obi-Wan Kenobi;Negro;Obi-Wan Kenobi;Darth Vader;Jar Jar Binks;El Halcón Milenario;Bespin;Ewok;De Hoth;Han Solo
2015-12-24T04:14:20.834Z;48.8592;2.3417;France;FR;Paris;Episodio V: el imperio contraataca;Imperio Galáctico;Yoda;Rojo;Yoda;Moff Tarkin;Jar Jar Binks;El Halcón Milenario;Hoth;Ewok;De Hoth;Han Solo
2015-12-24T05:59:28.074Z;40.4;-3.6833;Spain;ES;Madrid;Episodio V: el imperio contraataca;Alianza Rebelde;Obi-Wan Kenobi;Verde;Rey;Darth Vader;Wicket;El Halcón Milenario;Bespin;Reek;De Hoth;Han Solo
2015-12-24T10:02:22.630Z;42.223333;-8.7297117;Spain;ES;Pontevedra;Episodio IV: una nueva esperanza;Alianza Rebelde;Yoda;Rojo;R2-D2;Jabba el Hutt;Jar Jar Binks;TIE Interceptor;Luna de Endor;Ewok;De Hoth;Greedo
2015-12-24T14:41:16.348Z;42.8803423575678;-8.55004596174695;Spain;ES;La Coruña;Episodio II: el ataque de los clones;Alianza Rebelde;Yoda;Blanco;Princesa Leia;Jabba el Hutt;Bib Fortuna;B-Wing;Alderaan;Tauntaun;De Naboo;Han Solo
2015-12-24T16:43:49.934Z;40.4;-3.6833;Spain;ES;Madrid;Episodio VI: el retorno del Jedi;Alianza Rebelde;Luke Skywalker;Verde;Chewbacca;Darth Vader;C-3PO;X-Wing;Alderaan;Bantha;De Endor;Greedo
2015-12-25T17:23:02.250Z;40.4404479;-3.7943257;Spain;ES;Madrid;Episodio VI: el retorno del Jedi;Alianza Rebelde;Luke Skywalker;Verde;Luke Skywalker;Darth Vader;Salacious B. Crumb;X-Wing;Yavin 4;Ewok;De Hoth;Han Solo
2015-12-26T03:05:52.880Z;40.4623948326379;-3.69518519732347;Spain;ES;Madrid;Episodio V: el imperio contraataca;Alianza Rebelde;Obi-Wan Kenobi;Rojo;R2-D2;Darth Vader;Jar Jar Binks;X-Wing;Yavin 4;Ewok;De Yavin;Han Solo
2015-12-26T03:08:30.147Z;40.4623948063795;-3.6951851710143;Spain;ES;Madrid;Episodio V: el imperio contraataca;Alianza Rebelde;Obi-Wan Kenobi;Rojo;R2-D2;Darth Vader;Jar Jar Binks;El Halcón Milenario;Tatooine;Bantha;De Yavin;Han Solo
2015-12-26T14:14:03.271Z;40.2753317;-3.8005231;Spain;ES;Madrid;Episodio III: la venganza de los Sith;Alianza Rebelde;Obi-Wan Kenobi;Azul;Obi-Wan Kenobi;Darth Maul;Bib Fortuna;X-Wing;Naboo;Ewok;De Kashyyyk;Han Solo
2015-12-26T19:26:18.590Z;48.8592;2.3417;France;FR;Paris;Episodio I: la amenaza fantasma;Imperio Galáctico;Luke Skywalker;Azul;Luke Skywalker;Moff Tarkin;C-3PO;El Halcón Milenario;Tatooine;Bantha;De Yavin;Han Solo
2015-12-26T20:29:40.377Z;48.8592;2.3417;France;FR;Paris;Episodio VI: el retorno del Jedi;Imperio Galáctico;Yoda;Verde;R2-D2;Darth Vader;Watto;El Halcón Milenario;Yavin 4;Tauntaun;De Yavin;Han Solo
2015-12-26T20:40:51.171Z;42.8914383049948;-8.53956361052951;Spain;ES;La Coruña;Episodio VI: el retorno del Jedi;Alianza Rebelde;Luke Skywalker;Azul;Luke Skywalker;Darth Vader;Bib Fortuna;X-Wing;Tatooine;Ewok;De Endor;Han Solo
2015-12-27T10:37:56.868Z;41.305537059736;-0.75531005859375;Spain;ES;Zaragoza;Episodio VII: el despertar de la fuerza;Alianza Rebelde;Mace Windu;Negro;R2-D2;Boba Fett;Jar Jar Binks;Slave I;Takodana;Ewok;De Hoth;Han Solo
2015-12-27T10:58:29.605Z;39.9055225397285;-4.119873046875;Spain;ES;Toledo;Episodio VI: el retorno del Jedi;Alianza Rebelde;Yoda;Amarillo;Han Solo;Kylo Ren;Salacious B. Crumb;El Halcón Milenario;Tatooine;Ewok;De Endor;Han Solo
2015-12-27T11:32:02.582Z;37.4082671;-6.0361763;Spain;ES;Sevilla;Episodio III: la venganza de los Sith;Alianza Rebelde;Obi-Wan Kenobi;Blanco;Anakin Skywalker;Darth Vader;C-3PO;X-Wing;Takodana;Nexu;De Naboo;Han Solo
2015-12-27T14:32:53.400Z;42.286887;-8.8091115;Spain;ES;Pontevedra;Episodio V: el imperio contraataca;Alianza Rebelde;Yoda;Rojo;R2-D2;Boba Fett;Jar Jar Binks;X-Wing;Takodana;Ewok;De Yavin;Greedo
2015-12-27T22:38:22.047Z;28.1218136263683;-15.4461221929403;Spain;ES;Las Palmas;Episodio V: el imperio contraataca;Alianza Rebelde;Yoda;Verde;Han Solo;Darth Vader;Jar Jar Binks;El Halcón Milenario;Naboo;Bantha;De Kashyyyk;Han Solo
2015-12-28T18:13:50.168Z;40.2832906744058;-3.79915058612823;Spain;ES;Madrid;Episodio V: el imperio contraataca;Alianza Rebelde;Qui-Gon Jinn;Negro;R2-D2;Darth Maul;Virrey Nute Gunray;X-Wing;Luna de Endor;Ewok;De Hoth;Han Solo
2015-12-28T19:42:40.679Z;4.5981;-74.0758;Colombia;CO;Bogota;Episodio III: la venganza de los Sith;Imperio Galáctico;Mace Windu;Azul;Obi-Wan Kenobi;Emperador Palpatine;Jar Jar Binks;Sith Infiltrator;Coruscant;Rancor;De Coruscant;Han Solo
2015-12-29T15:56:49.895Z;48.8592;2.3417;France;FR;Paris;Episodio V: el imperio contraataca;Alianza Rebelde;Obi-Wan Kenobi;Azul;Lando Calrissian;Conde Dooku;Fode & Beed;X-Wing;Naboo;Tauntaun;De Hoth;Han Solo
2015-12-29T16:18:24.108Z;36.5105;-4.6412;Spain;ES;Málaga;Episodio V: el imperio contraataca;Alianza Rebelde;Obi-Wan Kenobi;Azul;Han Solo;Darth Vader;Jar Jar Binks;El Halcón Milenario;Naboo;Ewok;De Endor;Han Solo
2015-12-30T10:21:32.205Z;42.889265842075;-8.52646350860596;Spain;ES;La Coruña;Episodio V: el imperio contraataca;Alianza Rebelde;Luke Skywalker;Verde;Rey;Darth Maul;Poggle el menor;Jedi Starfighter;Takodana;Tauntaun;De Hoth;Han Solo
2015-12-30T11:14:27.473Z;42.3372741;-7.8744924;Spain;ES;Orense;Episodio VII: el despertar de la fuerza;Alianza Rebelde;Yoda;Azul;R2-D2;Conde Dooku;Salacious B. Crumb;X-Wing;Tatooine;Ewok;De Naboo;Han Solo
2015-12-30T19:34:39.831Z;43.3747654982008;-8.40154230594635;Spain;ES;La Coruña;Episodio V: el imperio contraataca;Imperio Galáctico;Obi-Wan Kenobi;Rojo;Rey;Darth Vader;Jar Jar Binks;TIE Advanced x1;Dagobah;Rancor;De Yavin;Han Solo
2016-01-03T10:27:18.093Z;47;8;Switzerland;CH;Lucerne;Episodio VI: el retorno del Jedi;Alianza Rebelde;Qui-Gon Jinn;Verde;Luke Skywalker;Kylo Ren;C-3PO;Súper Destructor Estelar;Naboo;Ewok;De Endor;Greedo
2016-01-06T00:27:59.837Z;47;8;Switzerland;CH;Lucerne;Episodio VI: el retorno del Jedi;Alianza Rebelde;Obi-Wan Kenobi;Verde;Qui-Gon Jinn;Darth Maul;C-3PO;El Halcón Milenario;Takodana;Tauntaun;De Endor;Han Solo
2016-01-06T15:01:47.431Z;40.4;-3.6833;Spain;ES;Madrid;Episodio IV: una nueva esperanza;Alianza Rebelde;Obi-Wan Kenobi;Azul;Han Solo;Darth Vader;Bib Fortuna;X-Wing;Coruscant;Tauntaun;De Hoth;Greedo
2016-01-07T23:55:57.294Z;-34.6036844;-58.3815591;Argentina;AR;Ciudad de Buenos Aires;Episodio V: el imperio contraataca;Alianza Rebelde;Yoda;Azul;Obi-Wan Kenobi;General Grievous;Virrey Nute Gunray;Súper Destructor Estelar;Kamino;Tauntaun;De Hoth;Han Solo
2016-01-08T12:53:01.171Z;42.8869233087602;-8.51822376251221;Spain;ES;La Coruña;Episodio V: el imperio contraataca;Alianza Rebelde;Obi-Wan Kenobi;Azul;Han Solo;Darth Vader;Bib Fortuna;El Halcón Milenario;Luna de Endor;Ewok;De Endor;Han Solo
2016-01-10T01:30:54.228Z;40.4165;-3.7026;Spain;ES;Madrid;Episodio V: el imperio contraataca;Alianza Rebelde;Yoda;Verde;Rey;Darth Vader;Jar Jar Binks;El Halcón Milenario;Luna de Endor;Ewok;De Hoth;Han Solo
2016-01-16T16:13:10.802Z;40.4165;-3.7026;Spain;ES;Madrid;Episodio I: la amenaza fantasma;Alianza Rebelde;Luke Skywalker;Azul;Luke Skywalker;Moff Tarkin;C-3PO;El Halcón Milenario;Tatooine;Bantha;De Yavin;Han Solo
2016-01-17T17:30:16.220Z;40.4165;-3.7026;Spain;ES;Madrid;Episodio IV: una nueva esperanza;Alianza Rebelde;Obi-Wan Kenobi;Verde;Han Solo;Darth Vader;Jar Jar Binks;A-Wing;Hoth;Ewok;De Yavin;Han Solo
2016-01-26T17:15:51.403Z;43.3657263093069;-8.4105384349823;Spain;ES;La Coruña;Episodio V: el imperio contraataca;Alianza Rebelde;Luke Skywalker;Azul;Han Solo;Darth Vader;Jar Jar Binks;X-Wing;Yavin 4;Ewok;De Hoth;Han Solo
2016-01-28T12:51:41.377Z;43.3380112;-8.407468;Spain;ES;La Coruña;Episodio VI: el retorno del Jedi;Alianza Rebelde;Qui-Gon Jinn;Verde;C-3PO;Darth Maul;Watto;X-Wing;Tatooine;Ewok;De Endor;Greedo
2016-01-28T21:42:20.804Z;43.3403382639143;-8.40572206204342;Spain;ES;La Coruña;Episodio VI: el retorno del Jedi;Alianza Rebelde;Yoda;Violeta;Chewbacca;Darth Vader;Salacious B. Crumb;El Halcón Milenario;Alderaan;Ewok;De Hoth;Han Solo
2016-02-04T12:27:05.167Z;24.7758963;46.7164256;Saudi Arabia;SA;Ar Riyad;Episodio IV: una nueva esperanza;Alianza Rebelde;Obi-Wan Kenobi;Azul;Han Solo;Conde Dooku;Bib Fortuna;X-Wing;Tatooine;Tauntaun;De Hoth;Han Solo
2016-02-08T11:18:03.385Z;40.4268915177614;-3.6983585357666;Spain;ES;Madrid;Episodio VI: el retorno del Jedi;Imperio Galáctico;Yoda;Azul;Obi-Wan Kenobi;Darth Maul;Jar Jar Binks;Sith Infiltrator;Coruscant;Ewok;De Hoth;Greedo
2016-02-17T10:21:34.674Z;40.5979223456415;-3.71337890625;Spain;ES;Madrid;Episodio V: el imperio contraataca;Alianza Rebelde;Obi-Wan Kenobi;Amarillo;Luke Skywalker;Darth Vader;Jar Jar Binks;X-Wing;Yavin 4;Ewok;De Endor;Han Solo
2016-02-25T09:40:29.289Z;43.3651257287584;-8.39561462402344;Spain;ES;La Coruña;Episodio V: el imperio contraataca;Alianza Rebelde;Obi-Wan Kenobi;Azul;Han Solo;Darth Vader;Wicket;X-Wing;Tatooine;Tauntaun;De Hoth;Greedo
2016-02-28T11:02:55.300Z;42.227659;-8.7007511;Spain;ES;Pontevedra;Episodio I: la amenaza fantasma;Imperio Galáctico;Yoda;Violeta;Obi-Wan Kenobi;Emperador Palpatine;Bib Fortuna;La Estrella de la Muerte;Luna de Endor;Rancor;De Naboo;Han Solo
2016-03-01T19:33:31.772Z;42.8845859;-8.5326745;Spain;ES;La Coruña;Episodio IV: una nueva esperanza;Alianza Rebelde;Obi-Wan Kenobi;Violeta;Rey;Jabba el Hutt;Anakin Skywalker;B-Wing;Takodana;Nexu;De Hoth;Han Solo
2016-03-01T23:36:20.139Z;43.3675962200383;-8.42153114345052;Spain;ES;La Coruña;Episodio I: la amenaza fantasma;Alianza Rebelde;Yoda;Verde;R2-D2;Darth Vader;Bib Fortuna;El Halcón Milenario;Luna de Endor;Ewok;De Yavin;Greedo
2016-03-05T11:25:10.791Z;43.1330611624061;-8.26171875;Spain;ES;La Coruña;Episodio IV: una nueva esperanza;Alianza Rebelde;Luke Skywalker;Verde;Yoda;Darth Vader;Bib Fortuna;El Halcón Milenario;Naboo;Ewok;De Endor;Han Solo
2016-03-05T13:57:50.784Z;43.3341058528316;-8.37209701538086;Spain;ES;La Coruña;Episodio V: el imperio contraataca;Alianza Rebelde;Qui-Gon Jinn;Violeta;Luke Skywalker;Darth Vader;Finn;El Halcón Milenario;Naboo;Ewok;De Geonosis;Han Solo
2016-03-06T21:48:02.536Z;52.372546513188;4.8361093488711;Netherlands;NL;Noord-Holland;Episodio VI: el retorno del Jedi;Alianza Rebelde;Yoda;Verde;Obi-Wan Kenobi;Emperador Palpatine;Jar Jar Binks;Súper Destructor Estelar;Alderaan;Sarlacc;De Yavin;Han Solo
2016-03-10T02:30:42.020Z;43.2838759;-8.2082398;Spain;ES;La Coruña;Episodio I: la amenaza fantasma;Alianza Rebelde;Qui-Gon Jinn;Azul;Qui-Gon Jinn;General Grievous;Salacious B. Crumb;Naboo N-1 Starfighter;Alderaan;Ewok;De Geonosis;Han Solo
2016-03-17T22:07:32.359Z;42.8754867;-8.5418009;Spain;ES;La Coruña;Episodio VI: el retorno del Jedi;Alianza Rebelde;Yoda;Rojo;R2-D2;Darth Vader;C-3PO;La Estrella de la Muerte;Luna de Endor;Ewok;De Endor;Han Solo
2016-03-21T16:25:22.142Z;40.4809037090537;-3.372802734375;Spain;ES;Madrid;Episodio III: la venganza de los Sith;Imperio Galáctico;Obi-Wan Kenobi;Amarillo;Obi-Wan Kenobi;Darth Vader;Wicket;Naboo N-1 Starfighter;Coruscant;Acklay;De Geonosis;Han Solo
2016-04-05T08:00:04.756Z;42.8605668;-8.544636;Spain;ES;La Coruña;Episodio VI: el retorno del Jedi;Alianza Rebelde;Obi-Wan Kenobi;Azul;Han Solo;Boba Fett;Jar Jar Binks;El Halcón Milenario;Luna de Endor;Tauntaun;De Endor;Han Solo
2016-04-15T11:55:45.588Z;43.3081488;-8.5031865;Spain;ES;La Coruña;Episodio VI: el retorno del Jedi;Alianza Rebelde;Mace Windu;Violeta;Han Solo;Emperador Palpatine;Finn;El Halcón Milenario;Naboo;Ewok;De Endor;Han Solo
2016-04-28T09:27:46.621Z;43.3336064092877;-8.40969085693359;Spain;ES;La Coruña;Episodio IV: una nueva esperanza;Alianza Rebelde;Obi-Wan Kenobi;Azul;Chewbacca;Darth Vader;Salacious B. Crumb;El Halcón Milenario;Takodana;Ewok;De Endor;Greedo
2016-04-30T10:19:53.556Z;41.7057285152375;-5.09765625;Spain;ES;Valladolid;Episodio III: la venganza de los Sith;Alianza Rebelde;Qui-Gon Jinn;Blanco;Anakin Skywalker;Emperador Palpatine;Virrey Nute Gunray;Jedi Starfighter;Tatooine;Ewok;De Geonosis;Han Solo
2016-04-30T15:44:42.780Z;40.416763;-3.703403;Spain;ES;Madrid;Episodio V: el imperio contraataca;Imperio Galáctico;Yoda;Rojo;R2-D2;Darth Vader;Jar Jar Binks;Finalizer;Takodana;Ewok;De Yavin;Han Solo
2016-05-06T22:03:17.895Z;48.8667;2.3333;France;FR;Paris;Episodio V: el imperio contraataca;Alianza Rebelde;Anakin Skywalker;Blanco;Anakin Skywalker;General Grievous;Poggle el menor;La Estrella de la Muerte;Takodana;Ewok;De Coruscant;Han Solo
2016-05-07T09:15:07.256Z;43.3331693928173;-8.3854866027832;Spain;ES;La Coruña;Episodio III: la venganza de los Sith;Alianza Rebelde;Yoda;Verde;Yoda;Darth Maul;Salacious B. Crumb;X-Wing;Yavin 4;Ewok;De Naboo;Han Solo
2016-05-07T09:27:42.183Z;43.3622698;-8.4093739;Spain;ES;La Coruña;Episodio VI: el retorno del Jedi;Alianza Rebelde;Luke Skywalker;Rojo;R2-D2;Darth Vader;Watto;X-Wing;Luna de Endor;Ewok;De Endor;Han Solo
2016-05-07T11:08:02.583Z;43.3580119068682;-8.41638565063477;Spain;ES;La Coruña;Episodio IV: una nueva esperanza;Alianza Rebelde;Luke Skywalker;Azul;Luke Skywalker;Emperador Palpatine;Jar Jar Binks;Jedi Starfighter;Alderaan;Ewok;De Endor;Han Solo
2016-05-07T11:27:24.071Z;43.3619979339438;-8.41241598129272;Spain;ES;La Coruña;Episodio VI: el retorno del Jedi;Alianza Rebelde;Yoda;Azul;Yoda;Darth Vader;Jar Jar Binks;El Halcón Milenario;Naboo;Tauntaun;De Naboo;Greedo
2016-05-07T11:46:05.740Z;43.3607576913523;-8.41458320617676;Spain;ES;La Coruña;Episodio VII: el despertar de la fuerza;Alianza Rebelde;Luke Skywalker;Verde;R2-D2;Darth Vader;Watto;La Estrella de la Muerte;Tatooine;Ewok;De Endor;Han Solo
2016-05-07T12:00:27.434Z;30.524413269924;-6.240234375;Morocco;MA;Souss - Massa - Draâ;Episodio V: el imperio contraataca;Imperio Galáctico;Obi-Wan Kenobi;Verde;Han Solo;Darth Vader;Finn;Súper Destructor Estelar;Hoth;Wampa;De Hoth;Han Solo
2016-05-07T13:02:02.923Z;43.3617249267445;-8.41252326965332;Spain;ES;La Coruña;Episodio IV: una nueva esperanza;Alianza Rebelde;Yoda;Verde;Han Solo;Jango Fett;Jar Jar Binks;X-Wing;Hoth;Ewok;De Hoth;Han Solo
2016-05-07T13:58:09.212Z;43.3459040117461;-8.40381145477295;Spain;ES;La Coruña;Episodio IV: una nueva esperanza;Alianza Rebelde;Obi-Wan Kenobi;Azul;Han Solo;Darth Vader;Virrey Nute Gunray;El Halcón Milenario;Alderaan;Tauntaun;De Hoth;Han Solo
2016-05-07T14:20:31.817Z;43.3615065201006;-8.41222286224365;Spain;ES;La Coruña;Episodio III: la venganza de los Sith;Imperio Galáctico;Anakin Skywalker;Azul;Anakin Skywalker;Darth Vader;Jar Jar Binks;La Estrella de la Muerte;Naboo;Opee Sea Killer;De Naboo;Greedo
2016-05-07T15:22:56.082Z;43.3618146292455;-8.41263592243195;Spain;ES;La Coruña;Episodio V: el imperio contraataca;Alianza Rebelde;Obi-Wan Kenobi;Verde;Obi-Wan Kenobi;Boba Fett;Watto;Naboo N-1 Starfighter;Takodana;Ewok;De Takodana;Han Solo
2016-05-07T15:49:08.226Z;43.3619901337552;-8.41248035430908;Spain;ES;La Coruña;Episodio VII: el despertar de la fuerza;Imperio Galáctico;Yoda;Amarillo;Chewbacca;Kylo Ren;Watto;El Halcón Milenario;Yavin 4;Ewok;De Yavin;Greedo
2016-05-07T16:10:16.494Z;43.371614803598;-8.39870452880859;Spain;ES;La Coruña;Episodio V: el imperio contraataca;Alianza Rebelde;Obi-Wan Kenobi;Verde;Rey;General Grievous;Jar Jar Binks;La Estrella de la Muerte;Luna de Endor;Acklay;De Hoth;Han Solo
2016-05-07T16:17:05.541Z;43.3618419299804;-8.41251254081726;Spain;ES;La Coruña;Episodio VII: el despertar de la fuerza;Imperio Galáctico;Obi-Wan Kenobi;Verde;Rey;Kylo Ren;Jar Jar Binks;B-Wing;Luna de Endor;Ewok;De Takodana;Han Solo
2016-05-07T16:56:44.544Z;43.3619589329906;-8.41240525245667;Spain;ES;La Coruña;Episodio V: el imperio contraataca;Alianza Rebelde;Yoda;Verde;R2-D2;Darth Maul;Virrey Nute Gunray;El Halcón Milenario;Luna de Endor;Ewok;De Endor;Han Solo
2016-05-07T17:06:18.253Z;43.3619901337552;-8.41200828552246;Spain;ES;La Coruña;Episodio III: la venganza de los Sith;Alianza Rebelde;Luke Skywalker;Azul;Anakin Skywalker;Darth Vader;Watto;El Halcón Milenario;Naboo;Nexu;De Hoth;Greedo
2016-05-08T12:48:19.256Z;40.4119276253737;-3.69483947753906;Spain;ES;Madrid;Episodio VI: el retorno del Jedi;Imperio Galáctico;Yoda;Azul;Obi-Wan Kenobi;Emperador Palpatine;Salacious B. Crumb;TIE Interceptor;Bespin;Ewok;De Endor;Han Solo
2016-05-08T13:02:00.799Z;40.4014786992269;-3.6849045753479;Spain;ES;Madrid;Episodio VII: el despertar de la fuerza;Alianza Rebelde;Yoda;Verde;Luke Skywalker;Kylo Ren;Finn;El Halcón Milenario;Bespin;Nexu;De Yavin;Han Solo
2016-05-08T20:06:52.094Z;40.4;-3.6833;Spain;ES;Madrid;Episodio VI: el retorno del Jedi;Alianza Rebelde;Luke Skywalker;Azul;Rey;Darth Vader;Bib Fortuna;El Halcón Milenario;Yavin 4;Tauntaun;De Endor;Han Solo
2016-05-09T17:53:30.002Z;41.3788025;2.1330323;Spain;ES;Barcelona;Episodio V: el imperio contraataca;Alianza Rebelde;Yoda;Negro;Han Solo;Darth Vader;Jar Jar Binks;El Halcón Milenario;Tatooine;Ewok;De Hoth;Greedo
2016-05-15T13:51:32.121Z;40.4000529772161;-3.68659973144531;Spain;ES;Madrid;Episodio VI: el retorno del Jedi;Alianza Rebelde;Obi-Wan Kenobi;Azul;Han Solo;Darth Vader;C-3PO;El Halcón Milenario;Luna de Endor;Ewok;De Endor;Han Solo
2016-05-25T14:03:27.985Z;37.3832586;-5.9616768;Spain;ES;Sevilla;Episodio IV: una nueva esperanza;Alianza Rebelde;Qui-Gon Jinn;Verde;Luke Skywalker;Darth Vader;Bib Fortuna;El Halcón Milenario;Luna de Endor;Ewok;De Hoth;Han Solo
2016-05-25T14:10:50.034Z;43.3081237;-8.5033268;Spain;ES;La Coruña;Episodio VI: el retorno del Jedi;Alianza Rebelde;Qui-Gon Jinn;Verde;Chewbacca;Emperador Palpatine;Finn;El Halcón Milenario;Naboo;Wampa;De Kashyyyk;Han Solo
2016-06-03T10:24:15.680Z;42.8798637274606;-8.54264259338379;Spain;ES;La Coruña;Episodio I: la amenaza fantasma;Alianza Rebelde;Obi-Wan Kenobi;Violeta;Princesa Leia;Emperador Palpatine;Virrey Nute Gunray;Snowspeeder;Dagobah;Bantha;De Geonosis;Han Solo
2016-06-06T20:06:43.236Z;42.8939702920739;-8.55211615562439;Spain;ES;La Coruña;Episodio VII: el despertar de la fuerza;Imperio Galáctico;Luke Skywalker;Azul;R2-D2;Darth Vader;Bib Fortuna;LAAT/i;Bespin;Ewok;De Coruscant;Han Solo
2016-06-23T12:18:34.161Z;43.0116767240555;-7.55468845367432;Spain;ES;Lugo;Episodio VI: el retorno del Jedi;Alianza Rebelde;Qui-Gon Jinn;Rojo;Obi-Wan Kenobi;Darth Maul;Jar Jar Binks;X-Wing;Luna de Endor;Ewok;De Hoth;Greedo
2016-09-16T23:46:33.550Z;42.4271153605582;-8.65208745002747;Spain;ES;Pontevedra;Episodio III: la venganza de los Sith;Alianza Rebelde;Obi-Wan Kenobi;Verde;Luke Skywalker;Darth Vader;Bib Fortuna;El Halcón Milenario;Alderaan;Ewok;De Endor;Greedo
2016-09-20T17:08:58.445Z;40.416763;-3.703403;Spain;ES;Madrid;Episodio III: la venganza de los Sith;Alianza Rebelde;Anakin Skywalker;Verde;Anakin Skywalker;Darth Vader;Jar Jar Binks;B-Wing;Naboo;Nexu;De Kashyyyk;Greedo
2016-09-20T22:33:41.142Z;19.3576804;-99.1948392;Mexico;MX;Distrito Federal;Episodio VI: el retorno del Jedi;Imperio Galáctico;Yoda;Azul;Chewbacca;Darth Vader;C-3PO;X-Wing;Tatooine;Wampa;De Hoth;Han Solo
2016-09-21T12:18:51.713Z;41.6619638575749;-4.73580479621887;Spain;ES;Valladolid;Episodio V: el imperio contraataca;Alianza Rebelde;Obi-Wan Kenobi;Azul;Reina Amidala;Darth Vader;Watto;El Halcón Milenario;Naboo;Ewok;De Geonosis;Han Solo
2016-09-26T23:10:19.784Z;43.486009409136;-8.21921370356449;Spain;ES;La Coruña;Episodio IV: una nueva esperanza;Alianza Rebelde;Obi-Wan Kenobi;Verde;Luke Skywalker;Darth Vader;Watto;El Halcón Milenario;Naboo;Ewok;De Naboo;Han Solo
2016-10-01T10:00:28.731Z;42.8820021269044;-8.55697631835937;Spain;ES;La Coruña;Episodio VI: el retorno del Jedi;Alianza Rebelde;Yoda;Violeta;Chewbacca;Jabba el Hutt;Jar Jar Binks;El Halcón Milenario;Coruscant;Ewok;De Yavin;Han Solo
2016-10-01T10:11:51.611Z;42.8848055;-8.5111849;Spain;ES;La Coruña;Episodio IV: una nueva esperanza;Alianza Rebelde;Luke Skywalker;Azul;Finn;Darth Vader;Watto;X-Wing;Yavin 4;Tauntaun;De Hoth;Han Solo
2016-10-01T11:38:04.242Z;42.8848608;-8.5112594;Spain;ES;La Coruña;Episodio VII: el despertar de la fuerza;Imperio Galáctico;Yoda;Azul;Chewbacca;Kylo Ren;Jar Jar Binks;El Halcón Milenario;Naboo;Ewok;De Naboo;Han Solo
2016-10-01T11:40:21.709Z;42.884859;-8.5112583;Spain;ES;La Coruña;Episodio VII: el despertar de la fuerza;Alianza Rebelde;Mace Windu;Azul;BB-8;Boba Fett;Bib Fortuna;X-Wing;Luna de Endor;Ewok;De Hoth;Han Solo
2016-10-01T11:45:30.238Z;42.890751496631;-8.53876948356628;Spain;ES;La Coruña;Episodio V: el imperio contraataca;Alianza Rebelde;Obi-Wan Kenobi;Azul;R2-D2;General Grievous;Salacious B. Crumb;X-Wing;Kashyyyk;Ewok;De Naboo;Han Solo
2016-10-01T11:47:07.354Z;42.8847421;-8.5112076;Spain;ES;La Coruña;Episodio V: el imperio contraataca;Alianza Rebelde;Obi-Wan Kenobi;Verde;Luke Skywalker;Darth Maul;Salacious B. Crumb;X-Wing;Coruscant;Ewok;De Endor;Han Solo
2016-10-01T15:16:21.695Z;42.8848576;-8.5112406;Spain;ES;La Coruña;Episodio III: la venganza de los Sith;Alianza Rebelde;Yoda;Rojo;R2-D2;Darth Vader;Virrey Nute Gunray;La Estrella de la Muerte;Luna de Endor;Ewok;De Yavin;Greedo
2016-10-01T16:12:04.729Z;42.884855;-8.51121;Spain;ES;La Coruña;Episodio V: el imperio contraataca;Alianza Rebelde;Yoda;Negro;Chewbacca;Darth Vader;Finn;El Halcón Milenario;Luna de Endor;Sarlacc;De Endor;Greedo
2016-10-01T16:22:09.482Z;42.8835508478707;-8.50951194763184;Spain;ES;La Coruña;Episodio IV: una nueva esperanza;Alianza Rebelde;Yoda;Blanco;C-3PO;Darth Vader;Watto;Sith Infiltrator;Yavin 4;Tauntaun;De Kashyyyk;Han Solo
2016-10-02T08:56:20.314Z;42.8848142;-8.5112491;Spain;ES;La Coruña;Episodio VI: el retorno del Jedi;Alianza Rebelde;Obi-Wan Kenobi;Amarillo;Chewbacca;Boba Fett;Jar Jar Binks;A-Wing;Luna de Endor;Nexu;De Hoth;Greedo
2016-10-02T09:07:34.566Z;42.884803;-8.5112158;Spain;ES;La Coruña;Episodio IV: una nueva esperanza;Imperio Galáctico;Yoda;Azul;Han Solo;Darth Vader;Bib Fortuna;X-Wing;Yavin 4;Ewok;De Hoth;Han Solo
2016-10-02T11:08:08.348Z;42.8799895177148;-8.54736328125;Spain;ES;La Coruña;Episodio III: la venganza de los Sith;Imperio Galáctico;Yoda;Verde;Chewbacca;Jabba el Hutt;Bib Fortuna;X-Wing;Bespin;Ewok;De Kashyyyk;Han Solo
2016-10-02T11:25:37.866Z;42.8840146704425;-8.536376953125;Spain;ES;La Coruña;Episodio V: el imperio contraataca;Imperio Galáctico;Qui-Gon Jinn;Violeta;Luke Skywalker;Darth Vader;Jar Jar Binks;El Halcón Milenario;Coruscant;Ewok;De Endor;Han Solo
2016-10-02T13:42:01.581Z;42.8848236;-8.5112652;Spain;ES;La Coruña;Episodio V: el imperio contraataca;Imperio Galáctico;Yoda;Negro;Jar Jar Binks;Darth Vader;Virrey Nute Gunray;La Estrella de la Muerte;Luna de Endor;Ewok;De Naboo;Greedo
2016-10-02T14:08:17.563Z;42.8847911;-8.5112471;Spain;ES;La Coruña;Episodio VII: el despertar de la fuerza;Alianza Rebelde;Obi-Wan Kenobi;Verde;Jar Jar Binks;Boba Fett;Watto;X-Wing;Luna de Endor;Nexu;De Naboo;Greedo
2016-10-02T14:48:37.575Z;42.8848183;-8.5112133;Spain;ES;La Coruña;Episodio VII: el despertar de la fuerza;Alianza Rebelde;Yoda;Verde;C-3PO;Darth Vader;Bib Fortuna;El Halcón Milenario;Naboo;Tauntaun;De Geonosis;Greedo
2016-10-02T14:55:55.144Z;42.8848357;-8.5112481;Spain;ES;La Coruña;Episodio VII: el despertar de la fuerza;Alianza Rebelde;Luke Skywalker;Rojo;R2-D2;Darth Vader;Bib Fortuna;Finalizer;Coruscant;Nexu;De Kashyyyk;Han Solo
2016-10-02T14:59:50.048Z;42.8848357;-8.5112481;Spain;ES;La Coruña;Episodio VII: el despertar de la fuerza;Alianza Rebelde;Luke Skywalker;Azul;Chewbacca;Darth Vader;Bib Fortuna;X-Wing;Bespin;Tauntaun;De Naboo;Han Solo
2016-10-02T15:05:47.026Z;42.8848251;-8.5112058;Spain;ES;La Coruña;Episodio V: el imperio contraataca;Imperio Galáctico;Yoda;Violeta;Han Solo;Jabba el Hutt;C-3PO;La Estrella de la Muerte;Yavin 4;Ewok;De Endor;Han Solo
2016-10-02T15:47:50.135Z;42.8848253;-8.5112177;Spain;ES;La Coruña;Episodio III: la venganza de los Sith;Imperio Galáctico;Yoda;Violeta;Chewbacca;Boba Fett;Bib Fortuna;Slave I;Yavin 4;Ewok;De Hoth;Greedo
2016-10-02T15:52:34.261Z;42.8848253;-8.5112177;Spain;ES;La Coruña;Episodio VII: el despertar de la fuerza;Alianza Rebelde;Luke Skywalker;Azul;Chewbacca;General Grievous;C-3PO;Naboo N-1 Starfighter;Luna de Endor;Bantha;De Yavin;Han Solo
2016-10-02T15:58:23.916Z;42.8848538;-8.5112636;Spain;ES;La Coruña;Episodio VII: el despertar de la fuerza;Alianza Rebelde;Qui-Gon Jinn;Verde;Han Solo;Boba Fett;C-3PO;El Halcón Milenario;Naboo;Ewok;De Naboo;Han Solo
2016-10-02T16:01:29.123Z;42.8848538;-8.5112636;Spain;ES;La Coruña;Episodio V: el imperio contraataca;Imperio Galáctico;Yoda;Azul;Chewbacca;Darth Vader;C-3PO;La Estrella de la Muerte;Luna de Endor;Ewok;De Endor;Greedo
2016-10-02T16:07:14.647Z;42.8848383;-8.5112146;Spain;ES;La Coruña;Episodio IV: una nueva esperanza;Imperio Galáctico;Yoda;Verde;Yoda;Darth Vader;Bib Fortuna;El Halcón Milenario;Naboo;Tauntaun;De Geonosis;Han Solo
2016-10-02T16:16:55.929Z;42.8848252;-8.5112193;Spain;ES;La Coruña;Episodio IV: una nueva esperanza;Alianza Rebelde;Luke Skywalker;Verde;Rey;Darth Vader;Bib Fortuna;Y-Wing;Kashyyyk;Ewok;De Endor;Han Solo
2016-10-02T16:19:55.997Z;42.884829;-8.5112153;Spain;ES;La Coruña;Episodio II: el ataque de los clones;Imperio Galáctico;Yoda;Azul;Luke Skywalker;Darth Vader;Bib Fortuna;El Halcón Milenario;Bespin;Ewok;De Naboo;Han Solo
2016-10-02T16:24:23.375Z;42.884829;-8.5112153;Spain;ES;La Coruña;Episodio III: la venganza de los Sith;Imperio Galáctico;Yoda;Azul;Chewbacca;Darth Vader;Bib Fortuna;La Estrella de la Muerte;Bespin;Tauntaun;De Endor;Greedo
2016-10-02T16:41:45.252Z;42.8848597;-8.5112418;Spain;ES;La Coruña;Episodio IV: una nueva esperanza;Alianza Rebelde;Yoda;Verde;Chewbacca;Boba Fett;Salacious B. Crumb;El Halcón Milenario;Dagobah;Ewok;De Takodana;Han Solo
2016-10-02T16:44:46.300Z;42.8847956;-8.5112475;Spain;ES;La Coruña;Episodio IV: una nueva esperanza;Alianza Rebelde;Yoda;Rojo;Yoda;Darth Vader;Salacious B. Crumb;El Halcón Milenario;Alderaan;Ewok;De Naboo;Greedo
2016-10-02T16:49:52.800Z;42.8847956;-8.5112475;Spain;ES;La Coruña;Episodio VII: el despertar de la fuerza;Alianza Rebelde;Luke Skywalker;Azul;BB-8;Jango Fett;Bib Fortuna;X-Wing;Hoth;Reek;De Kashyyyk;Han Solo
2016-10-02T17:03:54.263Z;42.8848819;-8.5112782;Spain;ES;La Coruña;Episodio I: la amenaza fantasma;Alianza Rebelde;Yoda;Azul;Yoda;Emperador Palpatine;Bib Fortuna;El Halcón Milenario;Luna de Endor;Wampa;De Endor;Han Solo
2016-10-02T17:18:01.502Z;42.8848819;-8.5112782;Spain;ES;La Coruña;Episodio III: la venganza de los Sith;Imperio Galáctico;Mace Windu;Azul;Han Solo;Virrey Nute Gunray;Salacious B. Crumb;X-Wing;Yavin 4;Ewok;De Hoth;Greedo
2016-10-02T17:20:07.432Z;42.884833;-8.5112224;Spain;ES;La Coruña;Episodio III: la venganza de los Sith;Imperio Galáctico;Yoda;Azul;Princesa Leia;Darth Vader;Salacious B. Crumb;El Halcón Milenario;Yavin 4;Bantha;De Yavin;Han Solo
2016-10-03T06:52:40.716Z;42.7956722589548;-8.54757249355316;Spain;ES;La Coruña;Episodio I: la amenaza fantasma;Alianza Rebelde;Yoda;Rojo;Han Solo;Darth Vader;Watto;Naboo N-1 Starfighter;Alderaan;Ewok;De Takodana;Greedo
2016-10-06T12:44:14.162Z;40.4086;-3.6922;Spain;ES;Madrid;Episodio I: la amenaza fantasma;Alianza Rebelde;Obi-Wan Kenobi;Verde;Chewbacca;Jabba el Hutt;Bib Fortuna;Y-Wing;Bespin;Rancor;De Naboo;Greedo
2016-10-08T09:26:00.208Z;48.8667;2.3333;France;FR;Paris;Episodio V: el imperio contraataca;Imperio Galáctico;Obi-Wan Kenobi;Negro;Luke Skywalker;Darth Vader;Jar Jar Binks;El Halcón Milenario;Coruscant;Ewok;De Hoth;Greedo
2016-10-11T08:05:46.383Z;43.3334235;-8.4099696;Spain;ES;La Coruña;Episodio V: el imperio contraataca;Alianza Rebelde;Yoda;Negro;Yoda;Darth Vader;Watto;La Estrella de la Muerte;Tatooine;Tauntaun;De Naboo;Han Solo
2016-10-11T16:19:31.230Z;43.3336453;-8.4092865;Spain;ES;La Coruña;Episodio V: el imperio contraataca;Imperio Galáctico;Qui-Gon Jinn;Rojo;Qui-Gon Jinn;Darth Vader;Wicket;El Halcón Milenario;Coruscant;Ewok;De Hoth;Han Solo
2016-10-11T16:21:59.110Z;43.3145971890271;-8.35686475038528;Spain;ES;La Coruña;Episodio V: el imperio contraataca;Imperio Galáctico;Qui-Gon Jinn;Rojo;Rey;General Grievous;Anakin Skywalker;X-Wing;Luna de Endor;Ewok;De Hoth;Han Solo
2016-10-11T16:52:23.739Z;43.2772053221202;-8.349609375;Spain;ES;La Coruña;Episodio VI: el retorno del Jedi;Imperio Galáctico;Obi-Wan Kenobi;Negro;R2-D2;Jabba el Hutt;Jar Jar Binks;La Estrella de la Muerte;Luna de Endor;Nexu;De Yavin;Greedo
2016-10-28T15:36:46.419Z;43.2509823;-8.406858;Spain;ES;La Coruña;Episodio V: el imperio contraataca;Imperio Galáctico;Yoda;Rojo;Wicket;General Grievous;Bib Fortuna;Finalizer;Naboo;Nexu;De Kashyyyk;Han Solo
2016-11-16T10:37:34.379Z;41.3984;2.1741;Spain;ES;Barcelona;Episodio IV: una nueva esperanza;Imperio Galáctico;Luke Skywalker;Azul;Chewbacca;Darth Vader;Bib Fortuna;La Estrella de la Muerte;Tatooine;Tauntaun;De Endor;Han Solo
2016-11-16T11:38:40.310Z;41.3984;2.1741;Spain;ES;Barcelona;Episodio VII: el despertar de la fuerza;Alianza Rebelde;Obi-Wan Kenobi;Verde;Han Solo;Boba Fett;Salacious B. Crumb;La Estrella de la Muerte;Alderaan;Tauntaun;De Hoth;Han Solo
2016-11-16T12:30:45.255Z;42.3357893;-7.863881;Spain;ES;Orense;Episodio I: la amenaza fantasma;Imperio Galáctico;Yoda;Verde;Han Solo;Jabba el Hutt;Salacious B. Crumb;X-Wing;Alderaan;Bantha;De Hoth;Han Solo
2016-11-18T17:31:33.768Z;40.4104123;-3.6935477;Spain;ES;Madrid;Episodio IV: una nueva esperanza;Alianza Rebelde;Qui-Gon Jinn;Azul;Han Solo;Darth Vader;C-3PO;La Estrella de la Muerte;Alderaan;Ewok;De Yavin;Han Solo
2016-11-19T22:23:43.920Z;41.3912253;2.1850917;Spain;ES;Barcelona;Episodio III: la venganza de los Sith;Alianza Rebelde;Obi-Wan Kenobi;Verde;Obi-Wan Kenobi;Jango Fett;Jar Jar Binks;LAAT/i;Naboo;Ewok;De Geonosis;Han Solo